Name;Age;Email;Location
David Costa;46;umeadows@yahoo.com;East Ryan
Jennifer Hamilton;36;ericdavies@thompson.com;North Paulmouth
Daniel Paul;47;qbradley@gmail.com;Bakerhaven
Allen Bryant;19;vincentspencer@smith.com;Darlenebury
Courtney Vasquez;36;richard49@conrad-hahn.com;Karenstad
Kenneth Rivera;29;jonesdiane@gallagher.com;Susantown
Laura Jordan;24;mullinssarah@miller-evans.com;Rachelstad
Mr. Raymond Watson;20;robinsonamanda@taylor.com;Brockview
Ernest Robinson;55;lrussell@king.com;East Juliamouth
Teresa Harper;50;xjenkins@hotmail.com;Lopezhaven
Nicholas Mason;18;nancy05@hotmail.com;Lake Sean
Matthew David;48;sullivanjames@pierce.com;North Dannyville
Scott Saunders;43;ericaadkins@hotmail.com;New Christianville
Robert Phillips;58;vgolden@chang.com;North Brandon
Diana Rodriguez;22;victoriamiller@wright.com;Mayfurt
Todd Brown;53;freemanbrett@scott.info;Port Bradley
Vanessa Boyd;42;tracy53@gmail.com;Randyburgh
Shirley Drake;41;campbelllisa@frank.com;Vaughnstad
Tonya Carney;39;simmonssusan@gmail.com;North Carmenton
Adam Schneider;37;daviddillon@gmail.com;Port Sharonland
